employee_name,net_pay,taxes,ytd_earnings,ytd_taxes_paid
Luffy,1102.24,322.76,22204.480000000003,5175.52
Nami,5672.33,1661.0,28361.660000000003,8305.0
Light Yagami,773.5,226.5,11547.0,2718.0
Misa Amane,4447.63,1302.38,20895.260000000002,6104.76
Edward Elric,3029.54,887.13,17059.08,4107.26
Eren Yeager,541.45,158.55,7082.9,1676.1
Mikasa Ackerman,3635.45,1064.55,17270.9,4462.1
